Year, kWh, kvarh, "Peak kW", "peak kVA", "Losses kWh", "Losses kvarh", "Peak Losses kW"
0, 198.421161829456, 50.9424556289867, 99.2105809147282, 102.428134864478, 14.1340607407664, 23.8910461723641, 7.0670303703832
